{"stats":{"minecraft:mined":{"minecraft:stone":6,"treechop:chopped_log":1,"minecraft:crafting_table":3},"minecraft:crafted":{"minecraft:oak_planks":16,"minecraft:stone_axe":1,"minecraft:crafting_table":1,"minecraft:stick":8,"minecraft:wooden_pickaxe":1,"minecraft:stone_pickaxe":1},"minecraft:killed":{"minecraft:creeper":1},"minecraft:custom":{"minecraft:time_since_rest":4082,"minecraft:crouch_one_cm":338,"minecraft:play_time":4082,"minecraft:sprint_one_cm":9171,"minecraft:damage_taken":10,"minecraft:walk_one_cm":3870,"minecraft:sneak_time":167,"minecraft:mob_kills":1,"minecraft:drop":3,"minecraft:jump":63,"minecraft:damage_dealt":200,"minecraft:time_since_death":4082,"minecraft:total_world_time":4082,"minecraft:fall_one_cm":1287,"minecraft:interact_with_crafting_table":3,"minecraft:fly_one_cm":7737},"minecraft:dropped":{"pfm:furniture_book":1,"minecraft:wooden_pickaxe":1,"alexsmobs:animal_dictionary":1},"minecraft:picked_up":{"minecraft:crafting_table":3,"minecraft:oak_log":4,"minecraft:gunpowder":1,"minecraft:oak_sapling":1,"minecraft:cobblestone":6},"minecraft:used":{"minecraft:stone_axe":4,"minecraft:crafting_table":3,"minecraft:stone_pickaxe":3,"minecraft:wooden_pickaxe":3}},"DataVersion":3465}