{"stats":{"minecraft:mined":{"minecraft:large_fern":2,"minecraft:sweet_berry_bush":3,"minecraft:spruce_log":1,"treechop:chopped_log":4,"minecraft:crafting_table":3,"minecraft:grass":1,"minecraft:grass_block":5,"minecraft:coal_ore":6,"minecraft:gravel":2,"minecraft:dirt":5,"minecraft:stonecutter":1,"minecraft:spruce_leaves":4,"minecraft:grindstone":2,"minecraft:stone":30,"minecraft:composter":3,"minecraft:fern":1},"minecraft:crafted":{"minecraft:oak_planks":16,"minecraft:crafting_table":1,"minecraft:stick":8,"minecraft:wooden_pickaxe":1,"minecraft:stone_pickaxe":1,"minecraft:torch":4,"minecraft:stone_axe":1},"minecraft:killed":{"minecraft:rabbit":1,"minecraft:creeper":1},"minecraft:custom":{"minecraft:time_since_rest":16082,"minecraft:sprint_one_cm":63700,"minecraft:damage_taken":110,"minecraft:walk_one_cm":26336,"minecraft:mob_kills":2,"minecraft:drop":10,"minecraft:damage_dealt":426,"minecraft:talked_to_villager":1,"minecraft:swim_one_cm":8981,"minecraft:interact_with_crafting_table":3,"minecraft:fly_one_cm":54897,"minecraft:open_chest":1,"minecraft:crouch_one_cm":1730,"minecraft:play_time":16082,"minecraft:sneak_time":657,"minecraft:walk_under_water_one_cm":1139,"minecraft:jump":360,"minecraft:time_since_death":16082,"minecraft:walk_on_water_one_cm":3837,"minecraft:total_world_time":16082,"minecraft:fall_one_cm":8894},"minecraft:used":{"minecraft:rabbit":1,"minecraft:stone_pickaxe":37,"minecraft:wooden_pickaxe":3,"minecraft:stone_axe":45,"minecraft:dirt":8,"minecraft:cobblestone":5,"minecraft:sweet_berries":3,"minecraft:crafting_table":3,"minecraft:oak_sapling":1,"minecraft:cooked_porkchop":1},"minecraft:picked_up":{"minecraft:crafting_table":3,"minecraft:lilac":1,"minecraft:cooked_porkchop":3,"minecraft:sweet_berries":7,"minecraft:composter":3,"minecraft:torch":1,"minecraft:gravel":2,"minecraft:oak_log":4,"minecraft:spruce_sapling":4,"minecraft:spruce_log":49,"minecraft:gunpowder":1,"minecraft:dirt":16,"minecraft:pumpkin_seeds":2,"minecraft:stonecutter":1,"minecraft:wheat_seeds":1,"minecraft:grindstone":2,"minecraft:rabbit":1,"minecraft:oak_sapling":1,"minecraft:coal":7,"minecraft:cobblestone":33},"minecraft:dropped":{"minecraft:gravel":2,"minecraft:sweet_berries":4,"minecraft:wheat_seeds":1,"minecraft:lilac":1,"alexsmobs:animal_dictionary":1,"minecraft:cooked_porkchop":1,"pfm:furniture_book":1,"minecraft:wooden_pickaxe":1,"minecraft:pumpkin_seeds":2,"minecraft:stick":1}},"DataVersion":3465}