{"stats":{"minecraft:mined":{"minecraft:brown_mushroom":1,"minecraft:crafting_table":3,"minecraft:grass_block":60,"minecraft:tall_grass":15,"minecraft:cobblestone":1,"minecraft:spruce_leaves":6,"minecraft:grindstone":2,"minecraft:composter":3,"minecraft:large_fern":2,"minecraft:sweet_berry_bush":3,"minecraft:spruce_log":1,"treechop:chopped_log":6,"minecraft:azure_bluet":1,"minecraft:grass":32,"minecraft:coal_ore":6,"minecraft:dirt":9,"minecraft:gravel":2,"minecraft:stonecutter":1,"minecraft:stone":30,"minecraft:fern":1},"minecraft:crafted":{"minecraft:oak_planks":16,"minecraft:crafting_table":1,"minecraft:spruce_planks":16,"minecraft:wooden_pickaxe":1,"minecraft:stone_axe":1,"minecraft:stick":8,"minecraft:stone_pickaxe":1,"minecraft:chest":2,"minecraft:torch":4},"minecraft:killed":{"minecraft:rabbit":1,"minecraft:creeper":1},"minecraft:custom":{"minecraft:mob_kills":2,"minecraft:interact_with_crafting_table":4,"minecraft:time_since_death":28082,"minecraft:sleep_in_bed":1,"minecraft:time_since_rest":4800,"minecraft:sprint_one_cm":131184,"minecraft:damage_taken":180,"minecraft:walk_one_cm":40765,"minecraft:drop":13,"minecraft:damage_dealt":426,"minecraft:swim_one_cm":8981,"minecraft:talked_to_villager":1,"minecraft:fly_one_cm":130777,"minecraft:open_chest":3,"minecraft:crouch_one_cm":2970,"minecraft:play_time":28082,"minecraft:sneak_time":1204,"minecraft:walk_under_water_one_cm":1139,"minecraft:jump":829,"minecraft:walk_on_water_one_cm":3837,"minecraft:total_world_time":28082,"minecraft:fall_one_cm":21642},"minecraft:used":{"minecraft:rabbit":1,"minecraft:stone_pickaxe":38,"minecraft:chest":2,"minecraft:wooden_pickaxe":3,"minecraft:dirt":9,"minecraft:crafting_table":4,"minecraft:spruce_sapling":4,"minecraft:stone_axe":59,"minecraft:cobblestone":7,"minecraft:sweet_berries":12,"minecraft:oak_sapling":1,"minecraft:cooked_porkchop":2,"tombstone:gift":1},"minecraft:picked_up":{"minecraft:crafting_table":3,"minecraft:azure_bluet":5,"minecraft:lilac":1,"minecraft:oak_log":4,"minecraft:gunpowder":1,"minecraft:dirt":79,"minecraft:stonecutter":1,"minecraft:wheat_seeds":5,"minecraft:grindstone":2,"minecraft:rabbit":1,"minecraft:stick":2,"minecraft:cooked_porkchop":3,"minecraft:sweet_berries":7,"minecraft:composter":3,"minecraft:torch":1,"minecraft:gravel":2,"minecraft:spruce_sapling":9,"minecraft:spruce_log":64,"minecraft:pumpkin_seeds":2,"minecraft:oak_sapling":1,"minecraft:coal":7,"minecraft:cobblestone":34},"minecraft:dropped":{"minecraft:gravel":2,"minecraft:sweet_berries":4,"minecraft:wheat_seeds":5,"minecraft:lilac":1,"alexsmobs:animal_dictionary":1,"minecraft:cooked_porkchop":1,"minecraft:azure_bluet":5,"minecraft:pumpkin_seeds":2,"minecraft:stick":1,"minecraft:dirt":62,"pfm:furniture_book":1,"minecraft:wooden_pickaxe":1}},"DataVersion":3465}