{"stats":{"minecraft:mined":{"minecraft:oak_log":1,"treechop:chopped_log":4},"minecraft:crafted":{"minecraft:oak_planks":64,"minecraft:crafting_table":6,"minecraft:wooden_pickaxe":1,"minecraft:wooden_axe":1},"minecraft:custom":{"minecraft:time_since_rest":13841,"minecraft:play_time":13841,"minecraft:sprint_one_cm":3815,"minecraft:walk_one_cm":22460,"minecraft:drop":1,"minecraft:jump":39,"minecraft:time_since_death":13841,"minecraft:total_world_time":13841,"minecraft:interact_with_crafting_table":7,"minecraft:fall_one_cm":538,"minecraft:fly_one_cm":398},"minecraft:dropped":{"minecraft:oak_sapling":1},"minecraft:used":{"minecraft:wooden_axe":10,"minecraft:crafting_table":1,"minecraft:oak_sapling":5},"minecraft:picked_up":{"minecraft:stick":7,"minecraft:apple":1,"minecraft:oak_log":21,"minecraft:oak_sapling":6,"minecraft:birch_sapling":1}},"DataVersion":3465}