{"stats":{"minecraft:mined":{"treechop:chopped_log":29,"minecraft:crafting_table":2,"minecraft:grass_block":8,"minecraft:coal_ore":26,"minecraft:dirt":17,"minecraft:spruce_leaves":2,"minecraft:stone":26,"minecraft:fern":1},"minecraft:broken":{"minecraft:stone_axe":1},"minecraft:crafted":{"minecraft:oak_planks":24,"minecraft:stone_shovel":1,"minecraft:crafting_table":1,"minecraft:stick":4,"minecraft:wooden_pickaxe":1,"minecraft:stone_pickaxe":1,"minecraft:torch":8,"minecraft:stone_axe":2},"minecraft:killed":{"minecraft:sheep":6,"minecraft:zombie":1,"minecraft:pig":3,"minecraft:spider":1},"minecraft:custom":{"minecraft:time_since_rest":17091,"minecraft:sprint_one_cm":63723,"minecraft:damage_taken":70,"minecraft:walk_one_cm":62984,"minecraft:mob_kills":11,"minecraft:drop":3,"minecraft:damage_dealt":1230,"minecraft:interact_with_crafting_table":4,"minecraft:fly_one_cm":47279,"minecraft:crouch_one_cm":170,"minecraft:play_time":17091,"tombstone:undead_killed":1,"minecraft:sneak_time":103,"minecraft:jump":332,"minecraft:time_since_death":17091,"minecraft:walk_on_water_one_cm":516,"minecraft:total_world_time":17091,"minecraft:fall_one_cm":5117},"minecraft:dropped":{"pfm:furniture_book":1,"minecraft:wooden_pickaxe":2},"minecraft:used":{"minecraft:apple":2,"minecraft:stone_shovel":10,"minecraft:stone_pickaxe":49,"minecraft:wooden_pickaxe":18,"minecraft:stone_axe":212,"minecraft:crafting_table":2},"minecraft:picked_up":{"minecraft:stick":50,"minecraft:crafting_table":2,"minecraft:wooden_pickaxe":1,"minecraft:porkchop":8,"minecraft:oak_log":33,"minecraft:spruce_sapling":43,"minecraft:spruce_log":161,"minecraft:string":1,"minecraft:dirt":25,"minecraft:apple":2,"pfm:furniture_book":1,"minecraft:oak_sapling":21,"minecraft:mutton":7,"minecraft:birch_sapling":1,"minecraft:coal":26,"minecraft:white_wool":6,"minecraft:cobblestone":32}},"DataVersion":3465}