{"stats":{"minecraft:mined":{"minecraft:large_fern":2,"minecraft:furnace":1,"minecraft:sweet_berry_bush":7,"treechop:chopped_log":34,"minecraft:torch":1,"minecraft:crafting_table":3,"minecraft:grass_block":11,"minecraft:coal_ore":26,"minecraft:dirt_path":2,"minecraft:dirt":21,"minecraft:spruce_leaves":2,"minecraft:stone":26,"minecraft:fern":1},"minecraft:broken":{"minecraft:stone_axe":1},"minecraft:crafted":{"minecraft:oak_planks":24,"minecraft:stone_shovel":1,"minecraft:cooked_porkchop":8,"minecraft:crafting_table":1,"minecraft:stick":4,"minecraft:wooden_pickaxe":1,"minecraft:stone_pickaxe":1,"minecraft:furnace":1,"minecraft:torch":8,"minecraft:stone_axe":2,"minecraft:air":0},"minecraft:killed":{"minecraft:sheep":6,"minecraft:zombie":1,"minecraft:pig":3,"minecraft:spider":1},"minecraft:custom":{"minecraft:time_since_rest":9975,"minecraft:interact_with_furnace":4,"minecraft:sprint_one_cm":124770,"minecraft:damage_taken":296,"minecraft:walk_one_cm":101848,"minecraft:mob_kills":11,"minecraft:drop":5,"minecraft:damage_dealt":1230,"minecraft:swim_one_cm":935,"minecraft:interact_with_crafting_table":5,"minecraft:fly_one_cm":99054,"minecraft:open_chest":4,"minecraft:deaths":1,"minecraft:crouch_one_cm":268,"minecraft:play_time":29091,"tombstone:undead_killed":1,"minecraft:sneak_time":181,"minecraft:walk_under_water_one_cm":224,"minecraft:jump":626,"minecraft:time_since_death":10544,"minecraft:walk_on_water_one_cm":658,"minecraft:total_world_time":29091,"minecraft:fall_one_cm":11368},"minecraft:dropped":{"minecraft:cooked_porkchop":2,"pfm:furniture_book":1,"minecraft:wooden_pickaxe":2},"minecraft:used":{"minecraft:apple":2,"minecraft:stone_shovel":19,"minecraft:stone_pickaxe":50,"minecraft:wooden_pickaxe":18,"minecraft:stone_axe":240,"minecraft:dirt":21,"minecraft:cobblestone":1,"minecraft:sweet_berries":1,"minecraft:crafting_table":3,"minecraft:furnace":1,"minecraft:cooked_porkchop":1},"minecraft:picked_up":{"minecraft:stick":66,"minecraft:crafting_table":3,"minecraft:sweet_berries":21,"minecraft:wooden_pickaxe":1,"minecraft:porkchop":8,"minecraft:oak_log":33,"minecraft:spruce_sapling":57,"minecraft:spruce_log":199,"minecraft:string":1,"minecraft:dirt":41,"minecraft:apple":2,"pfm:furniture_book":1,"minecraft:oak_sapling":21,"minecraft:egg":1,"minecraft:mutton":7,"minecraft:birch_sapling":1,"minecraft:coal":26,"minecraft:white_wool":6,"minecraft:cobblestone":32,"minecraft:furnace":1}},"DataVersion":3465}