{"stats":{"minecraft:mined":{"minecraft:grass_block":3,"minecraft:coal_ore":9,"minecraft:dirt":12,"minecraft:stone":9,"treechop:chopped_log":5,"minecraft:crafting_table":1},"minecraft:crafted":{"minecraft:oak_planks":24,"minecraft:stone_axe":1,"minecraft:crafting_table":1,"minecraft:stick":4,"minecraft:wooden_pickaxe":1,"minecraft:stone_pickaxe":1},"minecraft:custom":{"minecraft:time_since_rest":5091,"minecraft:crouch_one_cm":165,"minecraft:play_time":5091,"minecraft:sprint_one_cm":14950,"minecraft:walk_one_cm":15986,"minecraft:sneak_time":96,"minecraft:drop":3,"minecraft:jump":83,"minecraft:walk_on_water_one_cm":157,"minecraft:time_since_death":5091,"minecraft:total_world_time":5091,"minecraft:fall_one_cm":1256,"minecraft:interact_with_crafting_table":3,"minecraft:fly_one_cm":8819},"minecraft:dropped":{"pfm:furniture_book":1,"minecraft:wooden_pickaxe":2},"minecraft:used":{"minecraft:stone_axe":26,"minecraft:crafting_table":1,"minecraft:stone_pickaxe":15,"minecraft:wooden_pickaxe":18},"minecraft:picked_up":{"minecraft:crafting_table":1,"minecraft:stick":11,"minecraft:apple":2,"minecraft:wooden_pickaxe":1,"minecraft:oak_log":33,"minecraft:coal":9,"pfm:furniture_book":1,"minecraft:oak_sapling":21,"minecraft:birch_sapling":1,"minecraft:dirt":15,"minecraft:cobblestone":9}},"DataVersion":3465}