{"stats":{"minecraft:mined":{"minecraft:spruce_planks":1,"minecraft:white_bed":2,"minecraft:dandelion":11,"minecraft:crafting_table":3,"minecraft:torch":1,"minecraft:grass_block":121,"minecraft:tall_grass":4,"minecraft:cobblestone":4,"minecraft:spruce_leaves":2,"minecraft:large_fern":2,"minecraft:furnace":1,"minecraft:sweet_berry_bush":7,"treechop:chopped_log":34,"minecraft:azure_bluet":18,"minecraft:grass":40,"minecraft:coal_ore":26,"minecraft:dirt_path":2,"minecraft:dirt":73,"minecraft:stone":26,"minecraft:fern":1},"minecraft:broken":{"minecraft:stone_axe":1,"minecraft:stone_shovel":1},"minecraft:crafted":{"minecraft:oak_planks":24,"minecraft:stone_shovel":2,"minecraft:cooked_porkchop":8,"minecraft:crafting_table":1,"minecraft:spruce_planks":208,"minecraft:wooden_pickaxe":1,"minecraft:furnace":1,"minecraft:stone_axe":3,"minecraft:air":0,"minecraft:spruce_stairs":48,"minecraft:stick":4,"minecraft:stone_pickaxe":1,"minecraft:white_bed":2,"minecraft:torch":8},"minecraft:killed":{"minecraft:pig":3,"minecraft:spider":1,"minecraft:sheep":6,"minecraft:zombie":1},"minecraft:custom":{"minecraft:interact_with_furnace":4,"minecraft:mob_kills":11,"minecraft:interact_with_crafting_table":10,"minecraft:time_since_death":22544,"minecraft:sleep_in_bed":2,"minecraft:time_since_rest":4800,"minecraft:sprint_one_cm":148921,"minecraft:damage_taken":326,"minecraft:walk_one_cm":159959,"minecraft:drop":9,"minecraft:damage_dealt":1230,"minecraft:swim_one_cm":935,"minecraft:fly_one_cm":121449,"minecraft:open_chest":11,"minecraft:crouch_one_cm":5270,"minecraft:play_time":41091,"tombstone:undead_killed":1,"minecraft:deaths":1,"minecraft:sneak_time":1351,"minecraft:walk_under_water_one_cm":224,"minecraft:jump":769,"minecraft:walk_on_water_one_cm":658,"minecraft:total_world_time":41091,"minecraft:fall_one_cm":14277},"minecraft:used":{"minecraft:stone_shovel":178,"minecraft:stone_pickaxe":54,"minecraft:spruce_planks":10,"minecraft:wooden_pickaxe":18,"minecraft:dirt":166,"minecraft:crafting_table":3,"minecraft:spruce_stairs":15,"minecraft:white_bed":2,"minecraft:spruce_log":8,"minecraft:apple":2,"minecraft:stone_axe":241,"minecraft:cobblestone":14,"minecraft:sweet_berries":1,"minecraft:furnace":1,"minecraft:cooked_porkchop":1},"minecraft:dropped":{"minecraft:wheat_seeds":8,"minecraft:cooked_porkchop":2,"minecraft:birch_sapling":1,"minecraft:azure_bluet":3,"pfm:furniture_book":1,"minecraft:wooden_pickaxe":2,"minecraft:egg":1},"minecraft:picked_up":{"minecraft:crafting_table":3,"minecraft:azure_bluet":23,"minecraft:wooden_pickaxe":1,"minecraft:oak_log":33,"minecraft:dirt":249,"minecraft:string":1,"minecraft:apple":2,"minecraft:wheat_seeds":16,"minecraft:spruce_planks":1,"minecraft:birch_sapling":2,"minecraft:furnace":1,"minecraft:egg":1,"minecraft:stick":66,"minecraft:sweet_berries":21,"minecraft:dandelion":10,"minecraft:porkchop":8,"minecraft:spruce_sapling":57,"minecraft:white_bed":2,"minecraft:spruce_log":199,"pfm:furniture_book":1,"minecraft:oak_sapling":21,"minecraft:mutton":7,"minecraft:cobblestone":36,"minecraft:coal":26,"minecraft:white_wool":6}},"DataVersion":3465}